2theta,intensity
5,325
5.02,362.5
5.04,290
5.06,355
5.08,350
5.1,332.5
5.12,385
5.14,335
5.16,342.5
5.18,317.5
5.2,352.5
5.22,320
5.24,265
5.26,310
5.28,290
5.3,325
5.32,312.5
5.34,337.5
5.36,330
5.38,315
5.4,337.5
5.42,322.5
5.44,352.5
5.46,345
5.48,320
5.5,297.5
5.52,325
5.54,390
5.56,312.5
5.58,297.5
5.6,307.5
5.62,300
5.64,310
5.66,302.5
5.68,292.5
5.7,310
5.72,372.5
5.74,265
5.76,340
5.78,252.5
5.8,292.5
5.82,342.5
5.84,295
5.86,300
5.88,325
5.9,282.5
5.92,300
5.94,317.5
5.96,290
5.98,280
6,310
6.02,300
6.04,295
6.06,310
6.08,317.5
6.1,272.5
6.12,310
6.14,295
6.16,242.5
6.18,290
6.2,262.5
6.22,310
6.24,267.5
6.26,297.5
6.28,290
6.3,305
6.32,305
6.34,290
6.36,265
6.38,260
6.4,262.5
6.42,310
6.44,222.5
6.46,285
6.48,290
6.5,262.5
6.52,287.5
6.54,282.5
6.56,285
6.58,230
6.6,257.5
6.62,252.5
6.64,262.5
6.66,250
6.68,292.5
6.7,250
6.72,310
6.74,302.5
6.76,260
6.78,262.5
6.8,250
6.82,252.5
6.84,325
6.86,237.5
6.88,252.5
6.9,272.5
6.92,297.5
6.94,270
6.96,220
6.98,250
7,282.5
7.02,262.5
7.04,290
7.06,260
7.08,302.5
7.1,232.5
7.12,285
7.14,245
7.16,255
7.18,262.5
7.2,245
7.22,225
7.24,257.5
7.26,252.5
7.28,275
7.3,290
7.32,300
7.34,202.5
7.36,310
7.38,270
7.4,295
7.42,237.5
7.44,295
7.46,237.5
7.48,207.5
7.5,265
7.52,237.5
7.54,282.5
7.56,232.5
7.58,262.5
7.6,250
7.62,232.5
7.64,270
7.66,230
7.68,302.5
7.7,255
7.72,267.5
7.74,235
7.76,247.5
7.78,262.5
7.8,255
7.82,270
7.84,295
7.86,200
7.88,247.5
7.9,227.5
7.92,250
7.94,212.5
7.96,255
7.98,202.5
8,227.5
8.02,270
8.04,242.5
8.06,225
8.08,260
8.1,235
8.12,245
8.14,190
8.16,297.5
8.18,205
8.2,270
8.22,252.5
8.24,257.5
8.26,257.5
8.28,207.5
8.3,227.5
8.32,207.5
8.34,210
8.36,260
8.38,220
8.4,237.5
8.42,235
8.44,267.5
8.46,245
8.48,210
8.5,212.5
8.52,192.5
8.54,230
8.56,210
8.58,217.5
8.6,227.5
8.62,217.5
8.64,235
8.66,227.5
8.68,232.5
8.7,202.5
8.72,267.5
8.74,222.5
8.76,222.5
8.78,265
8.8,215
8.82,232.5
8.84,205
8.86,240
8.88,237.5
8.9,235
8.92,267.5
8.94,197.5
8.96,230
8.98,195
9,182.5
9.02,210
9.04,227.5
9.06,215
9.08,195
9.1,197.5
9.12,182.5
9.14,222.5
9.16,232.5
9.18,225
9.2,232.5
9.22,187.5
9.24,197.5
9.26,192.5
9.28,217.5
9.3,192.5
9.32,207.5
9.34,207.5
9.36,200
9.38,157.5
9.4,222.5
9.42,187.5
9.44,197.5
9.46,200
9.48,185
9.5,247.5
9.52,195
9.54,185
9.56,190
9.58,150
9.6,252.5
9.62,195
9.64,212.5
9.66,205
9.68,227.5
9.7,230
9.72,232.5
9.74,175
9.76,187.5
9.78,167.5
9.8,245
9.82,242.5
9.84,185
9.86,215
9.88,190
9.9,170
9.92,182.5
9.94,192.5
9.96,202.5
9.98,190
10,167.5
10.02,175
10.04,185
10.06,167.5
10.08,152.5
10.1,207.5
10.12,162.5
10.14,152.5
10.16,217.5
10.18,192.5
10.2,215
10.22,200
10.24,187.5
10.26,157.5
10.28,167.5
10.3,220
10.32,212.5
10.34,187.5
10.36,170
10.38,190
10.4,220
10.42,210
10.44,232.5
10.46,170
10.48,197.5
10.5,242.5
10.52,230
10.54,245
10.56,175
10.58,195
10.6,262.5
10.62,240
10.64,260
10.66,242.5
10.68,242.5
10.7,197.5
10.72,240
10.74,222.5
10.76,192.5
10.78,185
10.8,177.5
10.82,197.5
10.84,170
10.86,195
10.88,157.5
10.9,190
10.92,165
10.94,177.5
10.96,152.5
10.98,175
11,160
11.02,160
11.04,192.5
11.06,155
11.08,192.5
11.1,180
11.12,185
11.14,177.5
11.16,190
11.18,135
11.2,177.5
11.22,192.5
11.24,170
11.26,185
11.28,165
11.3,157.5
11.32,162.5
11.34,167.5
11.36,187.5
11.38,177.5
11.4,132.5
11.42,162.5
11.44,147.5
11.46,140
11.48,170
11.5,165
11.52,157.5
11.54,147.5
11.56,180
11.58,152.5
11.6,150
11.62,190
11.64,190
11.66,177.5
11.68,155
11.7,152.5
11.72,192.5
11.74,152.5
11.76,177.5
11.78,142.5
11.8,177.5
11.82,187.5
11.84,182.5
11.86,125
11.88,175
11.9,165
11.92,185
11.94,157.5
11.96,190
11.98,130
12,177.5
12.02,140
12.04,185
12.06,142.5
12.08,150
12.1,177.5
12.12,165
12.14,160
12.16,197.5
12.18,167.5
12.2,150
12.22,170
12.24,152.5
12.26,167.5
12.28,165
12.3,142.5
12.32,172.5
12.34,190
12.36,170
12.38,182.5
12.4,152.5
12.42,110
12.44,205
12.46,175
12.48,177.5
12.5,147.5
12.52,157.5
12.54,135
12.56,147.5
12.58,172.5
12.6,180
12.62,170
12.64,152.5
12.66,190
12.68,190
12.7,140
12.72,157.5
12.74,160
12.76,180
12.78,140
12.8,180
12.82,132.5
12.84,182.5
12.86,177.5
12.88,142.5
12.9,200
12.92,175
12.94,200
12.96,137.5
12.98,165
13,180
13.02,147.5
13.04,150
13.06,167.5
13.08,167.5
13.1,160
13.12,197.5
13.14,145
13.16,167.5
13.18,165
13.2,127.5
13.22,120
13.24,127.5
13.26,152.5
13.28,157.5
13.3,155
13.32,145
13.34,142.5
13.36,160
13.38,147.5
13.4,170
13.42,127.5
13.44,190
13.46,160
13.48,150
13.5,135
13.52,182.5
13.54,140
13.56,172.5
13.58,140
13.6,162.5
13.62,132.5
13.64,130
13.66,135
13.68,152.5
13.7,137.5
13.72,142.5
13.74,127.5
13.76,117.5
13.78,177.5
13.8,122.5
13.82,160
13.84,127.5
13.86,130
13.88,172.5
13.9,102.5
13.92,135
13.94,147.5
13.96,152.5
13.98,132.5
14,180
14.02,215
14.04,150
14.06,130
14.08,192.5
14.1,175
14.12,152.5
14.14,135
14.16,140
14.18,165
14.2,177.5
14.22,155
14.24,117.5
14.26,135
14.28,150
14.3,175
14.32,142.5
14.34,145
14.36,117.5
14.38,150
14.4,165
14.42,107.5
14.44,165
14.46,162.5
14.48,182.5
14.5,115
14.52,192.5
14.54,165
14.56,135
14.58,167.5
14.6,175
14.62,145
14.64,195
14.66,100
14.68,122.5
14.7,130
14.72,117.5
14.74,130
14.76,157.5
14.78,147.5
14.8,157.5
14.82,147.5
14.84,167.5
14.86,162.5
14.88,142.5
14.9,180
14.92,130
14.94,155
14.96,165
14.98,115
15,155
15.02,145
15.04,147.5
15.06,170
15.08,137.5
15.1,150
15.12,177.5
15.14,157.5
15.16,147.5
15.18,127.5
15.2,145
15.22,145
15.24,135
15.26,122.5
15.28,150
15.3,132.5
15.32,162.5
15.34,140
15.36,170
15.38,122.5
15.4,135
15.42,125
15.44,157.5
15.46,135
15.48,120
15.5,150
15.52,120
15.54,160
15.56,172.5
15.58,147.5
15.6,132.5
15.62,110
15.64,147.5
15.66,185
15.68,130
15.7,142.5
15.72,152.5
15.74,170
15.76,135
15.78,167.5
15.8,145
15.82,165
15.84,147.5
15.86,175
15.88,117.5
15.9,130
15.92,147.5
15.94,147.5
15.96,152.5
15.98,152.5
16,182.5
16.02,145
16.04,172.5
16.06,160
16.08,132.5
16.1,127.5
16.12,145
16.14,150
16.16,167.5
16.18,165
16.2,142.5
16.22,147.5
16.24,110
16.26,147.5
16.28,190
16.3,160
16.32,140
16.34,120
16.36,147.5
16.38,172.5
16.4,155
16.42,132.5
16.44,130
16.46,147.5
16.48,127.5
16.5,162.5
16.52,172.5
16.54,125
16.56,162.5
16.58,160
16.6,145
16.62,132.5
16.64,162.5
16.66,137.5
16.68,190
16.7,165
16.72,137.5
16.74,127.5
16.76,135
16.78,140
16.8,150
16.82,165
16.84,167.5
16.86,147.5
16.88,107.5
16.9,150
16.92,162.5
16.94,132.5
16.96,155
16.98,172.5
17,175
17.02,145
17.04,162.5
17.06,157.5
17.08,172.5
17.1,187.5
17.12,162.5
17.14,147.5
17.16,125
17.18,160
17.2,140
17.22,150
17.24,137.5
17.26,177.5
17.28,150
17.3,140
17.32,135
17.34,175
17.36,147.5
17.38,155
17.4,172.5
17.42,152.5
17.44,175
17.46,180
17.48,190
17.5,132.5
17.52,190
17.54,157.5
17.56,170
17.58,180
17.6,155
17.62,150
17.64,157.5
17.66,152.5
17.68,157.5
17.7,185
17.72,177.5
17.74,170
17.76,142.5
17.78,187.5
17.8,145
17.82,172.5
17.84,222.5
17.86,207.5
17.88,172.5
17.9,165
17.92,170
17.94,175
17.96,205
17.98,172.5
18,197.5
18.02,172.5
18.04,210
18.06,160
18.08,202.5
18.1,185
18.12,217.5
18.14,207.5
18.16,255
18.18,287.5
18.2,280
18.22,335
18.24,365
18.26,365
18.28,415
18.3,507.5
18.32,570
18.34,650
18.36,697.5
18.38,912.5
18.4,1007.5
18.42,1377.5
18.44,1602.5
18.46,2022.5
18.48,2722.5
18.5,3670
18.52,4560
18.54,6082.5
18.56,7535
18.58,9005
18.6,10710
18.62,12077.5
18.64,13340
18.66,13505
18.68,13382.5
18.7,12292.5
18.72,11035
18.74,9410
18.76,7462.5
18.78,5492.5
18.8,3995
18.82,2730
18.84,2092.5
18.86,1485
18.88,1057.5
18.9,875
18.92,757.5
18.94,672.5
18.96,695
18.98,617.5
19,595
19.02,510
19.04,495
19.06,412.5
19.08,497.5
19.1,352.5
19.12,450
19.14,325
19.16,402.5
19.18,360
19.2,322.5
19.22,327.5
19.24,350
19.26,315
19.28,262.5
19.3,225
19.32,210
19.34,317.5
19.36,245
19.38,222.5
19.4,262.5
19.42,242.5
19.44,192.5
19.46,242.5
19.48,222.5
19.5,235
19.52,235
19.54,202.5
19.56,202.5
19.58,165
19.6,187.5
19.62,180
19.64,200
19.66,195
19.68,162.5
19.7,197.5
19.72,210
19.74,175
19.76,167.5
19.78,167.5
19.8,140
19.82,217.5
19.84,182.5
19.86,187.5
19.88,180
19.9,172.5
19.92,147.5
19.94,175
19.96,172.5
19.98,202.5
20,177.5
20.02,172.5
20.04,160
20.06,212.5
20.08,182.5
20.1,137.5
20.12,147.5
20.14,140
20.16,150
20.18,127.5
20.2,142.5
20.22,162.5
20.24,187.5
20.26,165
20.28,152.5
20.3,160
20.32,152.5
20.34,177.5
20.36,172.5
20.38,150
20.4,155
20.42,157.5
20.44,137.5
20.46,142.5
20.48,137.5
20.5,160
20.52,152.5
20.54,155
20.56,175
20.58,150
20.6,142.5
20.62,155
20.64,147.5
20.66,177.5
20.68,150
20.7,155
20.72,172.5
20.74,142.5
20.76,142.5
20.78,142.5
20.8,115
20.82,127.5
20.84,125
20.86,155
20.88,150
20.9,147.5
20.92,165
20.94,155
20.96,147.5
20.98,175
21,137.5
21.02,150
21.04,162.5
21.06,187.5
21.08,172.5
21.1,130
21.12,135
21.14,187.5
21.16,185
21.18,165
21.2,142.5
21.22,207.5
21.24,205
21.26,267.5
21.28,227.5
21.3,260
21.32,262.5
21.34,235
21.36,257.5
21.38,210
21.4,215
21.42,210
21.44,202.5
21.46,160
21.48,175
21.5,165
21.52,167.5
21.54,187.5
21.56,102.5
21.58,107.5
21.6,142.5
21.62,165
21.64,142.5
21.66,150
21.68,175
21.7,100
21.72,130
21.74,122.5
21.76,155
21.78,137.5
21.8,110
21.82,117.5
21.84,125
21.86,160
21.88,115
21.9,110
21.92,130
21.94,115
21.96,127.5
21.98,120
22,135
22.02,127.5
22.04,127.5
22.06,120
22.08,115
22.1,120
22.12,130
22.14,150
22.16,125
22.18,110
22.2,137.5
22.22,132.5
22.24,165
22.26,115
22.28,127.5
22.3,90
22.32,112.5
22.34,145
22.36,117.5
22.38,120
22.4,147.5
22.42,87.5
22.44,120
22.46,132.5
22.48,112.5
22.5,137.5
22.52,112.5
22.54,85
22.56,142.5
22.58,110
22.6,112.5
22.62,112.5
22.64,105
22.66,92.5
22.68,95
22.7,127.5
22.72,130
22.74,130
22.76,135
22.78,130
22.8,112.5
22.82,112.5
22.84,107.5
22.86,132.5
22.88,77.5
22.9,100
22.92,122.5
22.94,137.5
22.96,105
22.98,122.5
23,102.5
23.02,90
23.04,122.5
23.06,137.5
23.08,97.5
23.1,100
23.12,125
23.14,117.5
23.16,132.5
23.18,95
23.2,117.5
23.22,80
23.24,140
23.26,122.5
23.28,90
23.3,132.5
23.32,160
23.34,130
23.36,117.5
23.38,175
23.4,135
23.42,125
23.44,115
23.46,160
23.48,170
23.5,142.5
23.52,147.5
23.54,152.5
23.56,147.5
23.58,110
23.6,152.5
23.62,130
23.64,105
23.66,127.5
23.68,132.5
23.7,105
23.72,122.5
23.74,145
23.76,125
23.78,100
23.8,120
23.82,127.5
23.84,112.5
23.86,110
23.88,115
23.9,135
23.92,130
23.94,135
23.96,105
23.98,122.5
24,100
24.02,140
24.04,135
24.06,127.5
24.08,120
24.1,125
24.12,110
24.14,150
24.16,92.5
24.18,137.5
24.2,125
24.22,140
24.24,115
24.26,102.5
24.28,135
24.3,137.5
24.32,92.5
24.34,140
24.36,92.5
24.38,122.5
24.4,127.5
24.42,100
24.44,100
24.46,92.5
24.48,117.5
24.5,115
24.52,112.5
24.54,67.5
24.56,112.5
24.58,137.5
24.6,120
24.62,127.5
24.64,97.5
24.66,85
24.68,127.5
24.7,120
24.72,102.5
24.74,140
24.76,145
24.78,117.5
24.8,130
24.82,110
24.84,117.5
24.86,150
24.88,140
24.9,120
24.92,132.5
24.94,82.5
24.96,120
24.98,90
25,100
25.02,90
25.04,120
25.06,107.5
25.08,105
25.1,102.5
25.12,125
25.14,117.5
25.16,92.5
25.18,82.5
25.2,85
25.22,85
25.24,92.5
25.26,92.5
25.28,135
25.3,130
25.32,87.5
25.34,115
25.36,122.5
25.38,137.5
25.4,105
25.42,130
25.44,87.5
25.46,117.5
25.48,100
25.5,70
25.52,120
25.54,120
25.56,87.5
25.58,80
25.6,102.5
25.62,97.5
25.64,115
25.66,97.5
25.68,90
25.7,97.5
25.72,135
25.74,102.5
25.76,105
25.78,97.5
25.8,102.5
25.82,102.5
25.84,132.5
25.86,102.5
25.88,110
25.9,72.5
25.92,125
25.94,90
25.96,97.5
25.98,147.5
26,125
26.02,102.5
26.04,132.5
26.06,137.5
26.08,110
26.1,117.5
26.12,130
26.14,125
26.16,160
26.18,147.5
26.2,147.5
26.22,117.5
26.24,115
26.26,122.5
26.28,130
26.3,147.5
26.32,127.5
26.34,110
26.36,97.5
26.38,117.5
26.4,102.5
26.42,132.5
26.44,117.5
26.46,140
26.48,102.5
26.5,85
26.52,115
26.54,100
26.56,85
26.58,80
26.6,97.5
26.62,85
26.64,95
26.66,77.5
26.68,82.5
26.7,100
26.72,85
26.74,112.5
26.76,97.5
26.78,107.5
26.8,92.5
26.82,102.5
26.84,102.5
26.86,100
26.88,102.5
26.9,87.5
26.92,90
26.94,47.5
26.96,60
26.98,92.5
27,92.5
27.02,105
27.04,85
27.06,92.5
27.08,67.5
27.1,100
27.12,80
27.14,82.5
27.16,95
27.18,82.5
27.2,100
27.22,80
27.24,110
27.26,85
27.28,80
27.3,80
27.32,107.5
27.34,77.5
27.36,72.5
27.38,90
27.4,122.5
27.42,117.5
27.44,95
27.46,80
27.48,75
27.5,87.5
27.52,67.5
27.54,72.5
27.56,92.5
27.58,80
27.6,75
27.62,110
27.64,87.5
27.66,75
27.68,77.5
27.7,110
27.72,67.5
27.74,85
27.76,72.5
27.78,87.5
27.8,87.5
27.82,80
27.84,87.5
27.86,85
27.88,85
27.9,72.5
27.92,85
27.94,90
27.96,100
27.98,87.5
28,82.5
28.02,72.5
28.04,102.5
28.06,70
28.08,97.5
28.1,95
28.12,82.5
28.14,80
28.16,70
28.18,75
28.2,85
28.22,90
28.24,87.5
28.26,87.5
28.28,97.5
28.3,85
28.32,67.5
28.34,45
28.36,85
28.38,85
28.4,92.5
28.42,92.5
28.44,87.5
28.46,97.5
28.48,67.5
28.5,72.5
28.52,77.5
28.54,105
28.56,52.5
28.58,62.5
28.6,97.5
28.62,105
28.64,60
28.66,80
28.68,82.5
28.7,52.5
28.72,92.5
28.74,77.5
28.76,67.5
28.78,82.5
28.8,95
28.82,70
28.84,62.5
28.86,80
28.88,110
28.9,72.5
28.92,65
28.94,72.5
28.96,105
28.98,67.5
29,55
29.02,70
29.04,65
29.06,77.5
29.08,90
29.1,75
29.12,85
29.14,110
29.16,75
29.18,85
29.2,75
29.22,57.5
29.24,95
29.26,75
29.28,80
29.3,95
29.32,80
29.34,52.5
29.36,87.5
29.38,97.5
29.4,100
29.42,95
29.44,97.5
29.46,75
29.48,92.5
29.5,95
29.52,102.5
29.54,110
29.56,102.5
29.58,100
29.6,105
29.62,135
29.64,102.5
29.66,92.5
29.68,87.5
29.7,75
29.72,95
29.74,77.5
29.76,80
29.78,97.5
29.8,87.5
29.82,87.5
29.84,97.5
29.86,100
29.88,77.5
29.9,85
29.92,80
29.94,95
29.96,77.5
29.98,100
30,127.5
30.02,105
30.04,80
30.06,92.5
30.08,97.5
30.1,82.5
30.12,100
30.14,110
30.16,105
30.18,122.5
30.2,107.5
30.22,115
30.24,102.5
30.26,147.5
30.28,137.5
30.3,155
30.32,145
30.34,147.5
30.36,142.5
30.38,172.5
30.4,112.5
30.42,137.5
30.44,130
30.46,197.5
30.48,165
30.5,167.5
30.52,117.5
30.54,165
30.56,117.5
30.58,92.5
30.6,130
30.62,82.5
30.64,115
30.66,102.5
30.68,90
30.7,100
30.72,77.5
30.74,85
30.76,75
30.78,60
30.8,90
30.82,77.5
30.84,77.5
30.86,77.5
30.88,45
30.9,100
30.92,90
30.94,90
30.96,102.5
30.98,77.5
31,80
31.02,95
31.04,57.5
31.06,100
31.08,62.5
31.1,62.5
31.12,62.5
31.14,85
31.16,90
31.18,90
31.2,87.5
31.22,70
31.24,77.5
31.26,92.5
31.28,112.5
31.3,72.5
31.32,65
31.34,80
31.36,90
31.38,60
31.4,80
31.42,70
31.44,72.5
31.46,110
31.48,75
31.5,90
31.52,70
31.54,75
31.56,92.5
31.58,82.5
31.6,120
31.62,117.5
31.64,107.5
31.66,112.5
31.68,102.5
31.7,77.5
31.72,105
31.74,92.5
31.76,130
31.78,137.5
31.8,170
31.82,150
31.84,167.5
31.86,162.5
31.88,187.5
31.9,152.5
31.92,175
31.94,137.5
31.96,160
31.98,137.5
32,152.5
32.02,162.5
32.04,195
32.06,125
32.08,122.5
32.1,172.5
32.12,142.5
32.14,140
32.16,177.5
32.18,137.5
32.2,137.5
32.22,145
32.24,112.5
32.26,132.5
32.28,110
32.3,162.5
32.32,137.5
32.34,145
32.36,117.5
32.38,125
32.4,80
32.42,112.5
32.44,97.5
32.46,82.5
32.48,97.5
32.5,90
32.52,117.5
32.54,80
32.56,87.5
32.58,65
32.6,67.5
32.62,100
32.64,85
32.66,77.5
32.68,55
32.7,77.5
32.72,77.5
32.74,67.5
32.76,77.5
32.78,77.5
32.8,57.5
32.82,75
32.84,70
32.86,70
32.88,47.5
32.9,52.5
32.92,67.5
32.94,67.5
32.96,70
32.98,72.5
33,55
33.02,72.5
33.04,80
33.06,52.5
33.08,115
33.1,47.5
33.12,60
33.14,102.5
33.16,55
33.18,85
33.2,65
33.22,67.5
33.24,55
33.26,95
33.28,52.5
33.3,77.5
33.32,72.5
33.34,62.5
33.36,97.5
33.38,82.5
33.4,82.5
33.42,97.5
33.44,60
33.46,65
33.48,77.5
33.5,85
33.52,60
33.54,87.5
33.56,70
33.58,52.5
33.6,60
33.62,67.5
33.64,92.5
33.66,67.5
33.68,82.5
33.7,92.5
33.72,65
33.74,92.5
33.76,75
33.78,82.5
33.8,92.5
33.82,72.5
33.84,102.5
33.86,95
33.88,92.5
33.9,70
33.92,77.5
33.94,102.5
33.96,102.5
33.98,97.5
34,105
34.02,122.5
34.04,157.5
34.06,140
34.08,125
34.1,157.5
34.12,122.5
34.14,112.5
34.16,137.5
34.18,100
34.2,112.5
34.22,82.5
34.24,112.5
34.26,105
34.28,122.5
34.3,85
34.32,97.5
34.34,72.5
34.36,65
34.38,90
34.4,77.5
34.42,82.5
34.44,77.5
34.46,80
34.48,65
34.5,77.5
34.52,60
34.54,87.5
34.56,85
34.58,87.5
34.6,95
34.62,80
34.64,87.5
34.66,70
34.68,70
34.7,80
34.72,90
34.74,67.5
34.76,77.5
34.78,85
34.8,62.5
34.82,102.5
34.84,100
34.86,87.5
34.88,82.5
34.9,132.5
34.92,82.5
34.94,92.5
34.96,90
34.98,100
35,102.5
35.02,105
35.04,85
35.06,105
35.08,70
35.1,80
35.12,77.5
35.14,95
35.16,87.5
35.18,115
35.2,107.5
35.22,120
35.24,95
35.26,110
35.28,150
35.3,127.5
35.32,125
35.34,102.5
35.36,110
35.38,97.5
35.4,90
35.42,80
35.44,115
35.46,107.5
35.48,107.5
35.5,125
35.52,117.5
35.54,137.5
35.56,117.5
35.58,132.5
35.6,112.5
35.62,102.5
35.64,127.5
35.66,130
35.68,127.5
35.7,120
35.72,142.5
35.74,140
35.76,155
35.78,165
35.8,145
35.82,170
35.84,145
35.86,120
35.88,135
35.9,195
35.92,160
35.94,155
35.96,175
35.98,167.5
36,187.5
36.02,217.5
36.04,192.5
36.06,185
36.08,202.5
36.1,205
36.12,190
36.14,222.5
36.16,197.5
36.18,232.5
36.2,247.5
36.22,217.5
36.24,255
36.26,315
36.28,307.5
36.3,320
36.32,377.5
36.34,452.5
36.36,540
36.38,620
36.4,820
36.42,1025
36.44,1142.5
36.46,1522.5
36.48,2072.5
36.5,2452.5
36.52,2807.5
36.54,3257.5
36.56,3665
36.58,4077.5
36.6,4345
36.62,4352.5
36.64,4602.5
36.66,4215
36.68,3895
36.7,3560
36.72,3040
36.74,2445
36.76,2155
36.78,1662.5
36.8,1290
36.82,1207.5
36.84,847.5
36.86,590
36.88,490
36.9,400
36.92,317.5
36.94,270
36.96,245
36.98,207.5
37,212.5
37.02,172.5
37.04,167.5
37.06,175
37.08,175
37.1,122.5
37.12,137.5
37.14,175
37.16,120
37.18,137.5
37.2,142.5
37.22,122.5
37.24,150
37.26,145
37.28,102.5
37.3,110
37.32,97.5
37.34,140
37.36,120
37.38,152.5
37.4,137.5
37.42,117.5
37.44,120
37.46,122.5
37.48,130
37.5,150
37.52,95
37.54,112.5
37.56,117.5
37.58,115
37.6,147.5
37.62,150
37.64,165
37.66,177.5
37.68,185
37.7,200
37.72,275
37.74,342.5
37.76,442.5
37.78,450
37.8,547.5
37.82,550
37.84,587.5
37.86,602.5
37.88,577.5
37.9,710
37.92,677.5
37.94,587.5
37.96,547.5
37.98,452.5
38,482.5
38.02,410
38.04,437.5
38.06,450
38.08,430
38.1,550
38.12,667.5
38.14,685
38.16,947.5
38.18,1015
38.2,1100
38.22,1277.5
38.24,1427.5
38.26,1247.5
38.28,1355
38.3,1450
38.32,1325
38.34,1260
38.36,1190
38.38,962.5
38.4,840
38.42,607.5
38.44,547.5
38.46,377.5
38.48,347.5
38.5,247.5
38.52,225
38.54,195
38.56,180
38.58,112.5
38.6,100
38.62,125
38.64,137.5
38.66,122.5
38.68,95
38.7,102.5
38.72,105
38.74,87.5
38.76,90
38.78,80
38.8,97.5
38.82,97.5
38.84,92.5
38.86,120
38.88,100
38.9,112.5
38.92,95
38.94,95
38.96,80
38.98,77.5
39,77.5
39.02,110
39.04,70
39.06,72.5
39.08,82.5
39.1,102.5
39.12,95
39.14,87.5
39.16,102.5
39.18,87.5
39.2,62.5
39.22,95
39.24,102.5
39.26,70
39.28,97.5
39.3,120
39.32,62.5
39.34,65
39.36,92.5
39.38,95
39.4,77.5
39.42,87.5
39.44,60
39.46,85
39.48,82.5
39.5,77.5
39.52,100
39.54,70
39.56,95
39.58,75
39.6,92.5
39.62,115
39.64,80
39.66,127.5
39.68,92.5
39.7,105
39.72,107.5
39.74,105
39.76,80
39.78,100
39.8,105
39.82,112.5
39.84,110
39.86,100
39.88,75
39.9,102.5
39.92,102.5
39.94,112.5
39.96,100
39.98,127.5
40,102.5
40.02,110
40.04,85
40.06,112.5
40.08,97.5
40.1,90
40.12,70
40.14,70
40.16,60
40.18,82.5
40.2,72.5
40.22,102.5
40.24,72.5
40.26,90
40.28,75
40.3,87.5
40.32,110
40.34,90
40.36,60
40.38,100
40.4,95
40.42,67.5
40.44,80
40.46,75
40.48,67.5
40.5,95
40.52,122.5
40.54,117.5
40.56,87.5
40.58,90
40.6,62.5
40.62,75
40.64,75
40.66,90
40.68,67.5
40.7,90
40.72,75
40.74,77.5
40.76,75
40.78,112.5
40.8,75
40.82,90
40.84,80
40.86,62.5
40.88,90
40.9,72.5
40.92,62.5
40.94,85
40.96,62.5
40.98,97.5
41,85
41.02,75
41.04,85
41.06,77.5
41.08,67.5
41.1,65
41.12,62.5
41.14,67.5
41.16,77.5
41.18,60
41.2,75
41.22,82.5
41.24,72.5
41.26,110
41.28,112.5
41.3,92.5
41.32,100
41.34,80
41.36,80
41.38,72.5
41.4,77.5
41.42,67.5
41.44,77.5
41.46,97.5
41.48,100
41.5,87.5
41.52,95
41.54,77.5
41.56,57.5
41.58,77.5
41.6,80
41.62,90
41.64,100
41.66,100
41.68,85
41.7,85
41.72,110
41.74,122.5
41.76,72.5
41.78,72.5
41.8,80
41.82,70
41.84,105
41.86,55
41.88,87.5
41.9,85
41.92,80
41.94,140
41.96,95
41.98,67.5
42,105
42.02,95
42.04,62.5
42.06,102.5
42.08,95
42.1,77.5
42.12,82.5
42.14,77.5
42.16,87.5
42.18,122.5
42.2,65
42.22,97.5
42.24,85
42.26,60
42.28,92.5
42.3,95
42.32,85
42.34,112.5
42.36,135
42.38,77.5
42.4,100
42.42,105
42.44,87.5
42.46,72.5
42.48,102.5
42.5,132.5
42.52,102.5
42.54,105
42.56,127.5
42.58,70
42.6,77.5
42.62,105
42.64,90
42.66,87.5
42.68,122.5
42.7,107.5
42.72,97.5
42.74,97.5
42.76,107.5
42.78,125
42.8,92.5
42.82,107.5
42.84,85
42.86,137.5
42.88,115
42.9,132.5
42.92,110
42.94,127.5
42.96,140
42.98,135
43,137.5
43.02,110
43.04,170
43.06,122.5
43.08,122.5
43.1,150
43.12,127.5
43.14,102.5
43.16,142.5
43.18,140
43.2,117.5
43.22,112.5
43.24,122.5
43.26,110
43.28,135
43.3,115
43.32,140
43.34,122.5
43.36,142.5
43.38,167.5
43.4,150
43.42,167.5
43.44,162.5
43.46,142.5
43.48,147.5
43.5,160
43.52,187.5
43.54,200
43.56,172.5
43.58,182.5
43.6,192.5
43.62,217.5
43.64,185
43.66,167.5
43.68,217.5
43.7,222.5
43.72,227.5
43.74,225
43.76,240
43.78,210
43.8,230
43.82,287.5
43.84,265
43.86,292.5
43.88,330
43.9,347.5
43.92,382.5
43.94,332.5
43.96,417.5
43.98,495
44,487.5
44.02,587.5
44.04,645
44.06,735
44.08,837.5
44.1,972.5
44.12,1380
44.14,1555
44.16,1862.5
44.18,2387.5
44.2,3085
44.22,3795
44.24,4387.5
44.26,5217.5
44.28,5777.5
44.3,6630
44.32,7272.5
44.34,7797.5
44.36,7987.5
44.38,7872.5
44.4,7967.5
44.42,7822.5
44.44,7215
44.46,6720
44.48,5677.5
44.5,5175
44.52,4330
44.54,3915
44.56,3062.5
44.58,2427.5
44.6,1947.5
44.62,1520
44.64,1247.5
44.66,952.5
44.68,742.5
44.7,647.5
44.72,590
44.74,510
44.76,425
44.78,352.5
44.8,312.5
44.82,325
44.84,247.5
44.86,242.5
44.88,187.5
44.9,225
44.92,157.5
44.94,207.5
44.96,187.5
44.98,200
45,147.5
45.02,142.5
45.04,120
45.06,135
45.08,157.5
45.1,112.5
45.12,130
45.14,107.5
45.16,127.5
45.18,140
45.2,140
45.22,122.5
45.24,87.5
45.26,105
45.28,110
45.3,137.5
45.32,117.5
45.34,85
45.36,102.5
45.38,105
45.4,85
45.42,82.5
45.44,90
45.46,95
45.48,87.5
45.5,105
45.52,90
45.54,77.5
45.56,85
45.58,70
45.6,72.5
45.62,57.5
45.64,85
45.66,72.5
45.68,92.5
45.7,102.5
45.72,75
45.74,67.5
45.76,115
45.78,60
45.8,75
45.82,57.5
45.84,65
45.86,67.5
45.88,77.5
45.9,80
45.92,80
45.94,82.5
45.96,92.5
45.98,90
46,80
46.02,67.5
46.04,82.5
46.06,80
46.08,92.5
46.1,85
46.12,70
46.14,90
46.16,62.5
46.18,95
46.2,72.5
46.22,62.5
46.24,70
46.26,90
46.28,65
46.3,50
46.32,67.5
46.34,92.5
46.36,65
46.38,77.5
46.4,67.5
46.42,75
46.44,52.5
46.46,72.5
46.48,82.5
46.5,67.5
46.52,82.5
46.54,55
46.56,72.5
46.58,67.5
46.6,70
46.62,82.5
46.64,52.5
46.66,62.5
46.68,75
46.7,72.5
46.72,67.5
46.74,72.5
46.76,70
46.78,85
46.8,60
46.82,65
46.84,60
46.86,65
46.88,82.5
46.9,67.5
46.92,67.5
46.94,82.5
46.96,65
46.98,52.5
47,52.5
47.02,45
47.04,52.5
47.06,42.5
47.08,50
47.1,82.5
47.12,72.5
47.14,65
47.16,65
47.18,50
47.2,67.5
47.22,67.5
47.24,65
47.26,47.5
47.28,67.5
47.3,75
47.32,87.5
47.34,87.5
47.36,72.5
47.38,60
47.4,80
47.42,70
47.44,62.5
47.46,62.5
47.48,85
47.5,62.5
47.52,85
47.54,72.5
47.56,70
47.58,82.5
47.6,72.5
47.62,82.5
47.64,85
47.66,60
47.68,97.5
47.7,70
47.72,107.5
47.74,107.5
47.76,80
47.78,62.5
47.8,70
47.82,82.5
47.84,77.5
47.86,65
47.88,105
47.9,67.5
47.92,67.5
47.94,87.5
47.96,82.5
47.98,90
48,80
48.02,85
48.04,95
48.06,107.5
48.08,122.5
48.1,90
48.12,117.5
48.14,92.5
48.16,97.5
48.18,140
48.2,127.5
48.22,130
48.24,135
48.26,175
48.28,202.5
48.3,237.5
48.32,265
48.34,322.5
48.36,415
48.38,430
48.4,617.5
48.42,695
48.44,887.5
48.46,975
48.48,1017.5
48.5,1075
48.52,1195
48.54,1077.5
48.56,1080
48.58,1097.5
48.6,1080
48.62,947.5
48.64,775
48.66,697.5
48.68,682.5
48.7,590
48.72,497.5
48.74,435
48.76,307.5
48.78,282.5
48.8,270
48.82,190
48.84,172.5
48.86,165
48.88,172.5
48.9,117.5
48.92,130
48.94,117.5
48.96,130
48.98,102.5
49,110
49.02,100
49.04,115
49.06,97.5
49.08,100
49.1,85
49.12,100
49.14,92.5
49.16,67.5
49.18,105
49.2,75
49.22,92.5
49.24,60
49.26,72.5
49.28,60
49.3,70
49.32,67.5
49.34,112.5
49.36,57.5
49.38,72.5
49.4,67.5
49.42,55
49.44,65
49.46,42.5
49.48,65
49.5,50
49.52,47.5
49.54,72.5
49.56,75
49.58,70
49.6,65
49.62,72.5
49.64,57.5
49.66,87.5
49.68,67.5
49.7,57.5
49.72,37.5
49.74,52.5
49.76,50
49.78,80
49.8,72.5
49.82,42.5
49.84,27.5
49.86,77.5
49.88,50
49.9,55
49.92,50
49.94,95
49.96,47.5
49.98,47.5
50,57.5
50.02,70
50.04,50
50.06,45
50.08,62.5
50.1,57.5
50.12,55
50.14,65
50.16,47.5
50.18,70
50.2,50
50.22,65
50.24,50
50.26,50
50.28,42.5
50.3,55
50.32,37.5
50.34,32.5
50.36,60
50.38,57.5
50.4,55
50.42,62.5
50.44,45
50.46,62.5
50.48,35
50.5,57.5
50.52,40
50.54,45
50.56,27.5
50.58,57.5
50.6,57.5
50.62,87.5
50.64,35
50.66,60
50.68,45
50.7,40
50.72,47.5
50.74,55
50.76,47.5
50.78,50
50.8,85
50.82,42.5
50.84,55
50.86,65
50.88,70
50.9,40
50.92,52.5
50.94,40
50.96,60
50.98,35
51,42.5
51.02,50
51.04,75
51.06,62.5
51.08,52.5
51.1,40
51.12,40
51.14,45
51.16,72.5
51.18,55
51.2,75
51.22,47.5
51.24,47.5
51.26,45
51.28,70
51.3,45
51.32,62.5
51.34,62.5
51.36,45
51.38,40
51.4,42.5
51.42,37.5
51.44,50
51.46,77.5
51.48,72.5
51.5,57.5
51.52,40
51.54,52.5
51.56,77.5
51.58,52.5
51.6,47.5
51.62,65
51.64,40
51.66,55
51.68,42.5
51.7,60
51.72,52.5
51.74,80
51.76,40
51.78,57.5
51.8,62.5
51.82,62.5
51.84,55
51.86,67.5
51.88,42.5
51.9,57.5
51.92,57.5
51.94,25
51.96,45
51.98,60
52,30
52.02,45
52.04,70
52.06,55
52.08,57.5
52.1,27.5
52.12,40
52.14,42.5
52.16,55
52.18,47.5
52.2,57.5
52.22,57.5
52.24,45
52.26,32.5
52.28,60
52.3,47.5
52.32,62.5
52.34,65
52.36,50
52.38,55
52.4,60
52.42,65
52.44,50
52.46,52.5
52.48,52.5
52.5,47.5
52.52,55
52.54,37.5
52.56,50
52.58,55
52.6,67.5
52.62,50
52.64,52.5
52.66,45
52.68,42.5
52.7,52.5
52.72,42.5
52.74,42.5
52.76,42.5
52.78,42.5
52.8,40
52.82,42.5
52.84,40
52.86,47.5
52.88,32.5
52.9,35
52.92,95
52.94,30
52.96,62.5
52.98,47.5
53,47.5
53.02,35
53.04,52.5
53.06,52.5
53.08,60
53.1,50
53.12,32.5
53.14,37.5
53.16,37.5
53.18,42.5
53.2,55
53.22,52.5
53.24,60
53.26,65
53.28,52.5
53.3,50
53.32,42.5
53.34,45
53.36,52.5
53.38,57.5
53.4,62.5
53.42,50
53.44,62.5
53.46,50
53.48,50
53.5,50
53.52,42.5
53.54,80
53.56,60
53.58,52.5
53.6,52.5
53.62,45
53.64,57.5
53.66,42.5
53.68,62.5
53.7,50
53.72,42.5
53.74,75
53.76,40
53.78,70
53.8,70
53.82,65
53.84,47.5
53.86,67.5
53.88,47.5
53.9,60
53.92,65
53.94,55
53.96,55
53.98,55
54,55
54.02,40
54.04,45
54.06,42.5
54.08,62.5
54.1,67.5
54.12,60
54.14,47.5
54.16,62.5
54.18,62.5
54.2,60
54.22,60
54.24,42.5
54.26,65
54.28,32.5
54.3,45
54.32,75
54.34,25
54.36,42.5
54.38,55
54.4,32.5
54.42,55
54.44,62.5
54.46,50
54.48,55
54.5,52.5
54.52,57.5
54.54,37.5
54.56,42.5
54.58,32.5
54.6,42.5
54.62,40
54.64,47.5
54.66,27.5
54.68,57.5
54.7,37.5
54.72,60
54.74,42.5
54.76,40
54.78,50
54.8,35
54.82,60
54.84,42.5
54.86,45
54.88,45
54.9,40
54.92,35
54.94,52.5
54.96,40
54.98,60
55,57.5
55.02,40
55.04,50
55.06,52.5
55.08,45
55.1,72.5
55.12,55
55.14,42.5
55.16,67.5
55.18,65
55.2,62.5
55.22,62.5
55.24,65
55.26,42.5
55.28,52.5
55.3,52.5
55.32,57.5
55.34,57.5
55.36,70
55.38,62.5
55.4,62.5
55.42,30
55.44,60
55.46,65
55.48,40
55.5,75
55.52,52.5
55.54,52.5
55.56,62.5
55.58,50
55.6,32.5
55.62,57.5
55.64,35
55.66,57.5
55.68,62.5
55.7,55
55.72,45
55.74,50
55.76,50
55.78,35
55.8,57.5
55.82,57.5
55.84,47.5
55.86,62.5
55.88,42.5
55.9,37.5
55.92,42.5
55.94,40
55.96,57.5
55.98,55
56,52.5
56.02,50
56.04,57.5
56.06,25
56.08,55
56.1,42.5
56.12,42.5
56.14,60
56.16,37.5
56.18,75
56.2,32.5
56.22,47.5
56.24,52.5
56.26,45
56.28,67.5
56.3,57.5
56.32,35
56.34,47.5
56.36,37.5
56.38,60
56.4,70
56.42,62.5
56.44,47.5
56.46,75
56.48,57.5
56.5,90
56.52,72.5
56.54,60
56.56,87.5
56.58,37.5
56.6,47.5
56.62,42.5
56.64,55
56.66,52.5
56.68,52.5
56.7,52.5
56.72,57.5
56.74,50
56.76,42.5
56.78,62.5
56.8,82.5
56.82,72.5
56.84,55
56.86,65
56.88,77.5
56.9,67.5
56.92,45
56.94,47.5
56.96,55
56.98,57.5
57,50
57.02,52.5
57.04,80
57.06,75
57.08,50
57.1,87.5
57.12,35
57.14,50
57.16,52.5
57.18,55
57.2,72.5
57.22,40
57.24,67.5
57.26,45
57.28,105
57.3,65
57.32,60
57.34,65
57.36,77.5
57.38,77.5
57.4,37.5
57.42,65
57.44,57.5
57.46,60
57.48,75
57.5,47.5
57.52,82.5
57.54,65
57.56,75
57.58,62.5
57.6,92.5
57.62,82.5
57.64,70
57.66,80
57.68,72.5
57.7,85
57.72,95
57.74,90
57.76,80
57.78,92.5
57.8,77.5
57.82,82.5
57.84,75
57.86,62.5
57.88,97.5
57.9,95
57.92,82.5
57.94,77.5
57.96,102.5
57.98,82.5
58,110
58.02,105
58.04,107.5
58.06,132.5
58.08,180
58.1,170
58.12,175
58.14,177.5
58.16,280
58.18,265
58.2,267.5
58.22,290
58.24,310
58.26,380
58.28,352.5
58.3,372.5
58.32,367.5
58.34,422.5
58.36,535
58.38,650
58.4,672.5
58.42,795
58.44,847.5
58.46,1057.5
58.48,1015
58.5,1232.5
58.52,1070
58.54,1150
58.56,1145
58.58,1140
58.6,1085
58.62,1070
58.64,1065
58.66,925
58.68,807.5
58.7,817.5
58.72,745
58.74,670
58.76,522.5
58.78,485
58.8,435
58.82,415
58.84,287.5
58.86,232.5
58.88,202.5
58.9,165
58.92,175
58.94,170
58.96,125
58.98,137.5
59,120
59.02,130
59.04,130
59.06,87.5
59.08,100
59.1,80
59.12,80
59.14,80
59.16,65
59.18,102.5
59.2,90
59.22,90
59.24,75
59.26,82.5
59.28,67.5
59.3,57.5
59.32,65
59.34,60
59.36,85
59.38,87.5
59.4,85
59.42,55
59.44,60
59.46,77.5
59.48,55
59.5,80
59.52,70
59.54,50
59.56,75
59.58,80
59.6,70
59.62,25
59.64,57.5
59.66,57.5
59.68,60
59.7,80
59.72,57.5
59.74,47.5
59.76,57.5
59.78,80
59.8,77.5
59.82,57.5
59.84,75
59.86,47.5
59.88,77.5
59.9,50
59.92,52.5
59.94,42.5
59.96,90
59.98,60
60,65
60.02,90
60.04,77.5
60.06,70
60.08,57.5
60.1,47.5
60.12,70
60.14,47.5
60.16,67.5
60.18,75
60.2,52.5
60.22,65
60.24,70
60.26,42.5
60.28,60
60.3,60
60.32,50
60.34,70
60.36,72.5
60.38,52.5
60.4,60
60.42,50
60.44,45
60.46,57.5
60.48,72.5
60.5,62.5
60.52,55
60.54,40
60.56,72.5
60.58,57.5
60.6,70
60.62,60
60.64,47.5
60.66,47.5
60.68,70
60.7,25
60.72,65
60.74,82.5
60.76,57.5
60.78,57.5
60.8,72.5
60.82,52.5
60.84,55
60.86,40
60.88,65
60.9,67.5
60.92,57.5
60.94,85
60.96,82.5
60.98,75
61,47.5
61.02,62.5
61.04,77.5
61.06,57.5
61.08,92.5
61.1,50
61.12,65
61.14,67.5
61.16,50
61.18,72.5
61.2,60
61.22,45
61.24,70
61.26,75
61.28,67.5
61.3,77.5
61.32,40
61.34,90
61.36,65
61.38,50
61.4,67.5
61.42,55
61.44,37.5
61.46,65
61.48,55
61.5,52.5
61.52,70
61.54,30
61.56,70
61.58,55
61.6,55
61.62,70
61.64,70
61.66,105
61.68,65
61.7,75
61.72,50
61.74,50
61.76,40
61.78,67.5
61.8,72.5
61.82,77.5
61.84,97.5
61.86,67.5
61.88,57.5
61.9,62.5
61.92,65
61.94,57.5
61.96,77.5
61.98,65
62,65
62.02,80
62.04,87.5
62.06,72.5
62.08,85
62.1,70
62.12,72.5
62.14,80
62.16,77.5
62.18,65
62.2,85
62.22,82.5
62.24,65
62.26,65
62.28,72.5
62.3,77.5
62.32,100
62.34,85
62.36,60
62.38,77.5
62.4,77.5
62.42,62.5
62.44,97.5
62.46,82.5
62.48,55
62.5,77.5
62.52,87.5
62.54,102.5
62.56,70
62.58,72.5
62.6,90
62.62,82.5
62.64,65
62.66,87.5
62.68,62.5
62.7,55
62.72,80
62.74,77.5
62.76,87.5
62.78,90
62.8,65
62.82,100
62.84,50
62.86,67.5
62.88,105
62.9,87.5
62.92,90
62.94,95
62.96,87.5
62.98,82.5
63,77.5
63.02,87.5
63.04,77.5
63.06,82.5
63.08,100
63.1,120
63.12,97.5
63.14,85
63.16,75
63.18,112.5
63.2,117.5
63.22,87.5
63.24,82.5
63.26,107.5
63.28,82.5
63.3,112.5
63.32,100
63.34,122.5
63.36,132.5
63.38,90
63.4,105
63.42,115
63.44,72.5
63.46,132.5
63.48,107.5
63.5,122.5
63.52,130
63.54,112.5
63.56,117.5
63.58,105
63.6,130
63.62,97.5
63.64,155
63.66,112.5
63.68,95
63.7,157.5
63.72,112.5
63.74,155
63.76,112.5
63.78,140
63.8,127.5
63.82,152.5
63.84,172.5
63.86,147.5
63.88,165
63.9,195
63.92,212.5
63.94,272.5
63.96,260
63.98,342.5
64,355
64.02,407.5
64.04,402.5
64.06,490
64.08,592.5
64.1,720
64.12,862.5
64.14,927.5
64.16,1137.5
64.18,1397.5
64.2,1350
64.22,1592.5
64.24,1635
64.26,1612.5
64.28,1612.5
64.3,1612.5
64.32,1572.5
64.34,1595
64.36,1550
64.38,1487.5
64.4,1310
64.42,1282.5
64.44,1107.5
64.46,1185
64.48,1035
64.5,1042.5
64.52,945
64.54,905
64.56,925
64.58,767.5
64.6,750
64.62,792.5
64.64,917.5
64.66,877.5
64.68,1002.5
64.7,1182.5
64.72,1200
64.74,1355
64.76,1432.5
64.78,1475
64.8,1650
64.82,1647.5
64.84,1667.5
64.86,1745
64.88,1620
64.9,1645
64.92,1640
64.94,1477.5
64.96,1457.5
64.98,1300
65,1300
65.02,1285
65.04,1095
65.06,1047.5
65.08,977.5
65.1,827.5
65.12,790
65.14,650
65.16,497.5
65.18,502.5
65.2,415
65.22,377.5
65.24,342.5
65.26,330
65.28,240
65.3,240
65.32,212.5
65.34,170
65.36,200
65.38,140
65.4,137.5
65.42,107.5
65.44,127.5
65.46,117.5
65.48,102.5
65.5,122.5
65.52,125
65.54,90
65.56,80
65.58,70
65.6,82.5
65.62,65
65.64,77.5
65.66,85
65.68,75
65.7,82.5
65.72,77.5
65.74,72.5
65.76,70
65.78,122.5
65.8,62.5
65.82,57.5
65.84,77.5
65.86,97.5
65.88,100
65.9,72.5
65.92,57.5
65.94,62.5
65.96,62.5
65.98,60
66,67.5
66.02,67.5
66.04,60
66.06,47.5
66.08,80
66.1,95
66.12,57.5
66.14,62.5
66.16,97.5
66.18,80
66.2,55
66.22,60
66.24,60
66.26,67.5
66.28,67.5
66.3,52.5
66.32,70
66.34,57.5
66.36,62.5
66.38,50
66.4,42.5
66.42,92.5
66.44,67.5
66.46,72.5
66.48,65
66.5,50
66.52,55
66.54,72.5
66.56,67.5
66.58,62.5
66.6,70
66.62,60
66.64,47.5
66.66,65
66.68,75
66.7,57.5
66.72,62.5
66.74,57.5
66.76,67.5
66.78,57.5
66.8,77.5
66.82,57.5
66.84,65
66.86,57.5
66.88,42.5
66.9,57.5
66.92,55
66.94,60
66.96,80
66.98,60
67,62.5
67.02,47.5
67.04,45
67.06,57.5
67.08,60
67.1,60
67.12,67.5
67.14,40
67.16,55
67.18,57.5
67.2,52.5
67.22,52.5
67.24,57.5
67.26,40
67.28,50
67.3,47.5
67.32,52.5
67.34,62.5
67.36,65
67.38,67.5
67.4,72.5
67.42,62.5
67.44,77.5
67.46,72.5
67.48,62.5
67.5,80
67.52,75
67.54,72.5
67.56,87.5
67.58,92.5
67.6,82.5
67.62,90
67.64,105
67.66,120
67.68,107.5
67.7,120
67.72,120
67.74,142.5
67.76,132.5
67.78,160
67.8,180
67.82,207.5
67.84,207.5
67.86,280
67.88,227.5
67.9,330
67.92,345
67.94,447.5
67.96,460
67.98,570
68,670
68.02,715
68.04,805
68.06,830
68.08,870
68.1,950
68.12,947.5
68.14,970
68.16,960
68.18,920
68.2,937.5
68.22,800
68.24,745
68.26,740
68.28,740
68.3,715
68.32,605
68.34,547.5
68.36,592.5
68.38,512.5
68.4,425
68.42,360
68.44,327.5
68.46,260
68.48,225
68.5,185
68.52,147.5
68.54,117.5
68.56,85
68.58,105
68.6,100
68.62,95
68.64,97.5
68.66,75
68.68,77.5
68.7,77.5
68.72,52.5
68.74,52.5
68.76,55
68.78,65
68.8,65
68.82,57.5
68.84,57.5
68.86,55
68.88,60
68.9,40
68.92,30
68.94,32.5
68.96,40
68.98,72.5
69,57.5
69.02,32.5
69.04,37.5
69.06,45
69.08,37.5
69.1,50
69.12,52.5
69.14,72.5
69.16,27.5
69.18,52.5
69.2,47.5
69.22,42.5
69.24,50
69.26,45
69.28,45
69.3,37.5
69.32,57.5
69.34,35
69.36,45
69.38,47.5
69.4,47.5
69.42,30
69.44,47.5
69.46,62.5
69.48,50
69.5,50
69.52,42.5
69.54,42.5
69.56,40
69.58,42.5
69.6,50
69.62,30
69.64,45
69.66,32.5
69.68,45
69.7,60
69.72,47.5
69.74,47.5
69.76,35
69.78,60
69.8,27.5
69.82,17.5
69.84,37.5
69.86,40
69.88,52.5
69.9,32.5
69.92,32.5
69.94,47.5
69.96,42.5
69.98,37.5
70,47.5
70.02,27.5
70.04,52.5
70.06,20
70.08,52.5
70.1,12.5
70.12,42.5
70.14,27.5
70.16,45
70.18,47.5
70.2,27.5
70.22,55
70.24,55
70.26,25
70.28,60
70.3,42.5
70.32,22.5
70.34,35
70.36,32.5
70.38,42.5
70.4,27.5
70.42,35
70.44,35
70.46,27.5
70.48,32.5
70.5,32.5
70.52,27.5
70.54,30
70.56,32.5
70.58,42.5
70.6,32.5
70.62,42.5
70.64,32.5
70.66,42.5
70.68,42.5
70.7,22.5
70.72,42.5
70.74,32.5
70.76,35
70.78,27.5
70.8,62.5
70.82,27.5
70.84,35
70.86,37.5
70.88,35
70.9,42.5
70.92,47.5
70.94,30
70.96,42.5
70.98,37.5
71,32.5
71.02,32.5
71.04,32.5
71.06,27.5
71.08,22.5
71.1,42.5
71.12,37.5
71.14,47.5
71.16,47.5
71.18,50
71.2,42.5
71.22,35
71.24,45
71.26,55
71.28,37.5
71.3,27.5
71.32,45
71.34,30
71.36,20
71.38,32.5
71.4,30
71.42,40
71.44,37.5
71.46,25
71.48,60
71.5,30
71.52,32.5
71.54,40
71.56,37.5
71.58,32.5
71.6,45
71.62,32.5
71.64,35
71.66,45
71.68,37.5
71.7,40
71.72,27.5
71.74,45
71.76,40
71.78,37.5
71.8,40
71.82,40
71.84,42.5
71.86,40
71.88,35
71.9,27.5
71.92,25
71.94,55
71.96,37.5
71.98,37.5
72,17.5
72.02,37.5
72.04,42.5
72.06,40
72.08,52.5
72.1,27.5
72.12,40
72.14,47.5
72.16,50
72.18,20
72.2,15
72.22,27.5
72.24,47.5
72.26,60
72.28,42.5
72.3,25
72.32,42.5
72.34,55
72.36,32.5
72.38,35
72.4,55
72.42,32.5
72.44,22.5
72.46,42.5
72.48,22.5
72.5,25
72.52,35
72.54,17.5
72.56,30
72.58,42.5
72.6,37.5
72.62,32.5
72.64,40
72.66,25
72.68,40
72.7,55
72.72,32.5
72.74,37.5
72.76,55
72.78,32.5
72.8,47.5
72.82,47.5
72.84,42.5
72.86,50
72.88,47.5
72.9,47.5
72.92,25
72.94,27.5
72.96,47.5
72.98,25
73,27.5
73.02,42.5
73.04,30
73.06,42.5
73.08,35
73.1,30
73.12,67.5
73.14,22.5
73.16,30
73.18,42.5
73.2,37.5
73.22,37.5
73.24,50
73.26,37.5
73.28,50
73.3,45
73.32,17.5
73.34,32.5
73.36,55
73.38,50
73.4,32.5
73.42,42.5
73.44,67.5
73.46,35
73.48,30
73.5,35
73.52,30
73.54,40
73.56,37.5
73.58,30
73.6,47.5
73.62,40
73.64,35
73.66,22.5
73.68,35
73.7,55
73.72,47.5
73.74,50
73.76,45
73.78,47.5
73.8,32.5
73.82,37.5
73.84,27.5
73.86,57.5
73.88,27.5
73.9,42.5
73.92,45
73.94,42.5
73.96,32.5
73.98,37.5
74,35
74.02,32.5
74.04,60
74.06,30
74.08,40
74.1,42.5
74.12,35
74.14,52.5
74.16,32.5
74.18,40
74.2,57.5
74.22,42.5
74.24,52.5
74.26,52.5
74.28,40
74.3,37.5
74.32,50
74.34,30
74.36,57.5
74.38,50
74.4,62.5
74.42,50
74.44,55
74.46,35
74.48,40
74.5,32.5
74.52,45
74.54,45
74.56,45
74.58,45
74.6,45
74.62,47.5
74.64,55
74.66,40
74.68,22.5
74.7,37.5
74.72,42.5
74.74,52.5
74.76,45
74.78,37.5
74.8,30
74.82,37.5
74.84,20
74.86,45
74.88,32.5
74.9,35
74.92,45
74.94,45
74.96,50
74.98,42.5
75,30
75.02,35
75.04,52.5
75.06,37.5
75.08,27.5
75.1,42.5
75.12,62.5
75.14,50
75.16,42.5
75.18,40
75.2,42.5
75.22,37.5
75.24,47.5
75.26,27.5
75.28,50
75.3,20
75.32,27.5
75.34,57.5
75.36,55
75.38,25
75.4,35
75.42,30
75.44,20
75.46,52.5
75.48,27.5
75.5,45
75.52,35
75.54,40
75.56,35
75.58,50
75.6,40
75.62,67.5
75.64,40
75.66,45
75.68,47.5
75.7,45
75.72,52.5
75.74,65
75.76,45
75.78,55
75.8,42.5
75.82,37.5
75.84,57.5
75.86,45
75.88,40
75.9,45
75.92,50
75.94,60
75.96,40
75.98,30
76,47.5
76.02,35
76.04,60
76.06,55
76.08,40
76.1,37.5
76.12,60
76.14,47.5
76.16,37.5
76.18,57.5
76.2,32.5
76.22,55
76.24,70
76.26,37.5
76.28,35
76.3,57.5
76.32,50
76.34,50
76.36,62.5
76.38,45
76.4,75
76.42,60
76.44,47.5
76.46,77.5
76.48,80
76.5,75
76.52,57.5
76.54,107.5
76.56,117.5
76.58,127.5
76.6,117.5
76.62,135
76.64,137.5
76.66,132.5
76.68,160
76.7,187.5
76.72,190
76.74,220
76.76,287.5
76.78,260
76.8,327.5
76.82,267.5
76.84,322.5
76.86,307.5
76.88,340
76.9,280
76.92,285
76.94,372.5
76.96,325
76.98,335
77,355
77.02,382.5
77.04,320
77.06,330
77.08,297.5
77.1,327.5
77.12,317.5
77.14,312.5
77.16,317.5
77.18,237.5
77.2,265
77.22,192.5
77.24,255
77.26,232.5
77.28,187.5
77.3,197.5
77.32,240
77.34,217.5
77.36,200
77.38,197.5
77.4,275
77.42,235
77.44,275
77.46,265
77.48,240
77.5,305
77.52,295
77.54,335
77.56,287.5
77.58,305
77.6,317.5
77.62,297.5
77.64,355
77.66,305
77.68,345
77.7,350
77.72,297.5
77.74,345
77.76,370
77.78,350
77.8,337.5
77.82,277.5
77.84,352.5
77.86,290
77.88,280
77.9,265
77.92,292.5
77.94,307.5
77.96,225
77.98,255
78,180
78.02,200
78.04,162.5
78.06,217.5
78.08,145
78.1,180
78.12,230
78.14,197.5
78.16,162.5
78.18,195
78.2,187.5
78.22,185
78.24,127.5
78.26,160
78.28,127.5
78.3,122.5
78.32,115
78.34,102.5
78.36,130
78.38,105
78.4,80
78.42,90
78.44,107.5
78.46,107.5
78.48,92.5
78.5,105
78.52,80
78.54,82.5
78.56,50
78.58,50
78.6,40
78.62,80
78.64,77.5
78.66,57.5
78.68,55
78.7,60
78.72,77.5
78.74,57.5
78.76,45
78.78,40
78.8,40
78.82,55
78.84,32.5
78.86,47.5
78.88,45
78.9,47.5
78.92,50
78.94,47.5
78.96,60
78.98,62.5
79,25
79.02,37.5
79.04,35
79.06,45
79.08,37.5
79.1,50
79.12,47.5
79.14,65
79.16,50
79.18,32.5
79.2,40
79.22,40
79.24,47.5
79.26,30
79.28,32.5
79.3,35
79.32,50
79.34,40
79.36,45
79.38,47.5
79.4,37.5
79.42,40
79.44,45
79.46,30
79.48,37.5
79.5,45
79.52,37.5
79.54,55
79.56,42.5
79.58,45
79.6,47.5
79.62,30
79.64,50
79.66,32.5
79.68,47.5
79.7,42.5
79.72,40
79.74,40
79.76,47.5
79.78,37.5
79.8,45
79.82,32.5
79.84,35
79.86,40
79.88,55
79.9,35
79.92,35
79.94,42.5
79.96,37.5
79.98,45
80,42.5
80.02,40
80.04,50
80.06,37.5
80.08,32.5
80.1,35
80.12,42.5
80.14,50
80.16,32.5
80.18,35
80.2,42.5
80.22,47.5
80.24,45
80.26,50
80.28,57.5
80.3,40
80.32,37.5
80.34,45
80.36,47.5
80.38,45
80.4,32.5
80.42,52.5
80.44,35
80.46,45
80.48,32.5
80.5,55
80.52,57.5
80.54,50
80.56,67.5
80.58,57.5
80.6,42.5
80.62,50
80.64,62.5
80.66,67.5
80.68,72.5
80.7,75
80.72,75
80.74,100
80.76,122.5
80.78,140
80.8,157.5
80.82,175
80.84,195
80.86,222.5
80.88,227.5
80.9,205
80.92,212.5
80.94,167.5
80.96,190
80.98,180
81,220
81.02,175
81.04,160
81.06,205
81.08,162.5
81.1,175
81.12,205
81.14,170
81.16,182.5
81.18,165
81.2,152.5
81.22,100
81.24,122.5
81.26,112.5
81.28,80
81.3,107.5
81.32,92.5
81.34,97.5
81.36,82.5
81.38,97.5
81.4,87.5
81.42,85
81.44,85
81.46,97.5
81.48,72.5
81.5,102.5
81.52,90
81.54,95
81.56,97.5
81.58,142.5
81.6,115
81.62,112.5
81.64,120
81.66,155
81.68,150
81.7,187.5
81.72,205
81.74,207.5
81.76,267.5
81.78,292.5
81.8,362.5
81.82,382.5
81.84,435
81.86,430
81.88,442.5
81.9,505
81.92,525
81.94,547.5
81.96,560
81.98,570
82,507.5
82.02,520
82.04,467.5
82.06,485
82.08,487.5
82.1,442.5
82.12,442.5
82.14,352.5
82.16,387.5
82.18,407.5
82.2,387.5
82.22,342.5
82.24,325
82.26,297.5
82.28,260
82.3,250
82.32,195
82.34,175
82.36,172.5
82.38,182.5
82.4,92.5
82.42,142.5
82.44,105
82.46,107.5
82.48,72.5
82.5,82.5
82.52,77.5
82.54,55
82.56,47.5
82.58,65
82.6,50
82.62,60
82.64,45
82.66,65
82.68,67.5
82.7,55
82.72,25
82.74,45
82.76,47.5
82.78,60
82.8,30
82.82,40
82.84,52.5
82.86,60
82.88,37.5
82.9,45
82.92,57.5
82.94,37.5
82.96,57.5
82.98,37.5
83,55
83.02,42.5
83.04,52.5
83.06,37.5
83.08,55
83.1,42.5
83.12,47.5
83.14,42.5
83.16,40
83.18,42.5
83.2,47.5
83.22,45
83.24,52.5
83.26,47.5
83.28,50
83.3,62.5
83.32,45
83.34,42.5
83.36,45
83.38,32.5
83.4,50
83.42,47.5
83.44,32.5
83.46,60
83.48,37.5
83.5,62.5
83.52,42.5
83.54,55
83.56,32.5
83.58,67.5
83.6,45
83.62,42.5
83.64,50
83.66,45
83.68,72.5
83.7,52.5
83.72,62.5
83.74,45
83.76,52.5
83.78,55
83.8,60
83.82,62.5
83.84,55
83.86,67.5
83.88,62.5
83.9,77.5
83.92,80
83.94,92.5
83.96,92.5
83.98,90
84,85
84.02,137.5
84.04,175
84.06,160
84.08,197.5
84.1,215
84.12,242.5
84.14,230
84.16,297.5
84.18,290
84.2,252.5
84.22,282.5
84.24,275
84.26,247.5
84.28,310
84.3,277.5
84.32,280
84.34,257.5
84.36,267.5
84.38,210
84.4,175
84.42,237.5
84.44,167.5
84.46,225
84.48,210
84.5,185
84.52,170
84.54,185
84.56,147.5
84.58,157.5
84.6,157.5
84.62,90
84.64,117.5
84.66,112.5
84.68,122.5
84.7,80
84.72,95
84.74,122.5
84.76,92.5
84.78,130
84.8,80
84.82,102.5
84.84,122.5
84.86,122.5
84.88,120
84.9,137.5
84.92,140
84.94,147.5
84.96,145
84.98,127.5
85,132.5
85.02,150
85.04,112.5
85.06,125
85.08,165
85.1,105
85.12,90
85.14,107.5
85.16,115
85.18,95
85.2,112.5
85.22,117.5
85.24,130
85.26,87.5
85.28,90
85.3,100
85.32,85
85.34,72.5
85.36,65
85.38,82.5
85.4,72.5
85.42,37.5
85.44,52.5
85.46,70
85.48,50
85.5,57.5
85.52,47.5
85.54,52.5
85.56,55
85.58,52.5
85.6,42.5
85.62,70
85.64,40
85.66,60
85.68,57.5
85.7,30
85.72,65
85.74,25
85.76,60
85.78,47.5
85.8,45
85.82,40
85.84,42.5
85.86,50
85.88,40
85.9,32.5
85.92,32.5
85.94,55
85.96,55
85.98,47.5
86,35
86.02,35
86.04,20
86.06,45
86.08,35
86.1,17.5
86.12,30
86.14,40
86.16,37.5
86.18,30
86.2,45
86.22,17.5
86.24,30
86.26,37.5
86.28,32.5
86.3,30
86.32,32.5
86.34,22.5
86.36,42.5
86.38,25
86.4,30
86.42,27.5
86.44,20
86.46,40
86.48,35
86.5,37.5
86.52,20
86.54,25
86.56,42.5
86.58,25
86.6,42.5
86.62,32.5
86.64,25
86.66,25
86.68,50
86.7,32.5
86.72,35
86.74,30
86.76,32.5
86.78,22.5
86.8,30
86.82,22.5
86.84,30
86.86,22.5
86.88,32.5
86.9,25
86.92,27.5
86.94,22.5
86.96,57.5
86.98,20
87,17.5
87.02,27.5
87.04,37.5
87.06,25
87.08,25
87.1,40
87.12,40
87.14,22.5
87.16,37.5
87.18,30
87.2,50
87.22,22.5
87.24,30
87.26,30
87.28,17.5
87.3,25
87.32,37.5
87.34,32.5
87.36,27.5
87.38,35
87.4,32.5
87.42,32.5
87.44,35
87.46,27.5
87.48,27.5
87.5,27.5
87.52,25
87.54,32.5
87.56,50
87.58,30
87.6,32.5
87.62,37.5
87.64,35
87.66,35
87.68,30
87.7,15
87.72,17.5
87.74,47.5
87.76,25
87.78,27.5
87.8,35
87.82,22.5
87.84,32.5
87.86,32.5
87.88,32.5
87.9,32.5
87.92,37.5
87.94,17.5
87.96,22.5
87.98,27.5
88,35
88.02,15
88.04,30
88.06,30
88.08,37.5
88.1,37.5
88.12,22.5
88.14,30
88.16,22.5
88.18,35
88.2,22.5
88.22,42.5
88.24,32.5
88.26,27.5
88.28,47.5
88.3,45
88.32,32.5
88.34,20
88.36,25
88.38,35
88.4,35
88.42,27.5
88.44,37.5
88.46,17.5
88.48,32.5
88.5,35
88.52,37.5
88.54,37.5
88.56,25
88.58,37.5
88.6,27.5
88.62,25
88.64,30
88.66,52.5
88.68,27.5
88.7,25
88.72,25
88.74,30
88.76,25
88.78,20
88.8,20
88.82,22.5
88.84,40
88.86,40
88.88,37.5
88.9,15
88.92,22.5
88.94,35
88.96,12.5
88.98,25
89,27.5
89.02,22.5
89.04,22.5
89.06,20
89.08,32.5
89.1,17.5
89.12,40
89.14,22.5
89.16,50
89.18,30
89.2,15
89.22,17.5
89.24,32.5
89.26,37.5
89.28,25
89.3,22.5
89.32,30
89.34,20
89.36,25
89.38,17.5
89.4,27.5
89.42,25
89.44,32.5
89.46,17.5
89.48,42.5
89.5,40
89.52,42.5
89.54,40
89.56,25
89.58,20
89.6,32.5
89.62,45
89.64,30
89.66,22.5
89.68,32.5
89.7,45
89.72,42.5
89.74,37.5
89.76,32.5
89.78,45
89.8,22.5
89.82,35
89.84,37.5
89.86,52.5
89.88,32.5
89.9,32.5
89.92,32.5
89.94,30
89.96,22.5
89.98,27.5
90,47.5
